"","lib_sizes","x_xmap_y_means","y_xmap_x_means","x_xmap_y_Sig","y_xmap_x_Sig","x_xmap_y_upper","x_xmap_y_lower","y_xmap_x_upper","y_xmap_x_lower"
"10",10,0,0,0.5,0.5,0.076901997661955,-0.0769019976619549,0.076901997661955,-0.0769019976619549
"30",30,0.025335167864079,0.028576305805391,0.259533969442086,0.233520508432285,0.10203836163308,-0.0516674948708457,0.105247015257556,-0.0484321250839535
"50",50,0.0704758212616711,0.115675152214329,0.0362820533757287,0.00157150985794652,0.146583376389748,-0.00646119433839174,0.190879155660804,0.0391211627348105
"70",70,0.128142127667346,0.214654910840861,0.000529778932961689,1.63189961543964e-08,0.203043258763504,0.0517500954004212,0.286822221810371,0.140065021314422
"90",90,0.177034392647475,0.27671197272803,2.80292271082061e-06,3.43725048423948e-13,0.250525659215621,0.101514442908204,0.346245959050327,0.2041543184263
"110",110,0.214149658980063,0.263288681011669,1.76040229060703e-08,4.54103421532182e-12,0.286336119780894,0.139545776034506,0.333439389466114,0.190238523691393
