"","lib_sizes","x_xmap_y_means","y_xmap_x_means","x_xmap_y_Sig","y_xmap_x_Sig","x_xmap_y_upper","x_xmap_y_lower","y_xmap_x_upper","y_xmap_x_lower"
"10",10,0,0.000183302172930109,0.5,0.498139215588588,0.076901997661955,-0.0769019976619549,0.0770842132324377,-0.0767197769542679
"30",30,0.00554210954901984,0.0168583110008981,0.443924803313584,0.333958886062854,0.0824089845598058,-0.0713903146147353,0.0936389116388925,-0.0601216306151737
"50",50,0.027984447104463,0.0413633360895606,0.238160427334664,0.146174353953547,0.104661207579986,-0.0490230510992421,0.117890333657048,-0.0356520680619381
"70",70,0.0522583974655425,0.0752978005741191,0.0916475195809868,0.0275077177705358,0.128643406202191,-0.0247430368984759,0.151323551450965,-0.00161354037613215
"90",90,0.0749674244531787,0.0993801468870356,0.0280465418973184,0.00562063170089022,0.150998891655199,-0.0019457909753048,0.174945120895174,0.022651262217421
"110",110,0.10333059318003,0.104498615203303,0.00418938164790761,0.00383367341404373,0.178811694283875,0.0266402880122111,0.179954471333388,0.0278201847822165
